column_1,column_2,column_3,column_4,column_5,column_6
1,-1.148568,-1.295311,-0.8570476,-0.6082626,-0.4552106
1,1.702541,1.943575,1.866369,2.808257,2.200047
1,0.3251651,0.06583756,0.6586544,0.7837964,0.2695700
1,-0.7364299,0.4827906,0.2749144,0.741864,0.5990419
1,-1.010575,0.4166884,0.1654906,-0.2417266,0.4007225
1,-0.6479648,-1.143820,-0.2553702,-0.1916445,-0.4173128
1,-0.03520398,-0.3000485,0.743899,0.5073628,0.9837637
1,0.7403594,0.464895,1.701543,0.8939632,0.3923023
1,0.2014242,0.02329532,0.2199373,1.375887,2.271005
1,0.04256276,-0.4660921,0.4470891,-0.3144008,0.5069237
1,1.649242,0.562019,0.4210105,-0.09703415,-0.9586453
1,-0.6207353,-0.2516120,-0.4981303,0.4360346,0.08468259
1,-0.8798774,-0.919299,-1.564957,-1.055468,-1.092559
1,-1.817718,-1.128433,-0.3088837,-0.2673426,0.2042086
1,1.249306,1.141110,0.8368431,1.016027,0.09681214
1,1.101292,1.300134,0.9980147,1.198894,0.6272407
1,0.5063941,0.4826756,0.1288817,0.2229437,0.5314956
1,1.651155,2.141521,1.827592,1.975453,1.133706
1,-1.038123,-0.7095424,-0.5945554,0.1251611,-0.7624458
1,0.79755,2.084898,1.348303,0.3585750,1.079940
1,0.4568011,0.6914385,0.7788761,0.0695203,-1.402630
1,-0.63635,-1.105898,-1.032362,-0.4167599,-0.1964081
1,1.538878,0.8821049,0.690215,0.4010326,-0.2683462
1,1.685371,2.049547,1.178773,-0.1823372,-0.5051778
1,0.6009519,-0.9085605,-0.2106707,-0.1543403,-0.6283578
1,-0.9183497,-0.5400492,-1.532893,-2.050760,0.0561724
1,-0.4144523,-0.07269965,0.04944696,-0.5244417,0.007377234
1,0.07295644,0.2283553,-0.5169143,-0.2163272,-0.6231896
1,-0.1113388,0.1664670,0.2729202,-0.04925604,-0.6418909
1,-0.5526258,-1.512707,-2.131280,-1.854467,-1.877130
1,0.1030472,0.1670374,0.05452705,-0.6863733,0.2073382
1,0.04840372,-0.7920015,-1.157201,-0.3233242,-0.3278128
1,1.916214,1.774242,2.488521,2.454436,2.472331
1,-1.113354,-0.994226,0.3098662,-0.8039246,0.3504783
1,0.2620399,0.2077147,0.1945810,-0.6416256,0.1215707
1,-1.157970,0.6463695,0.2520794,-0.04324463,0.3684804
1,-2.438188,-1.770076,-1.650170,-1.074627,-0.9762815
1,-0.1251740,-1.422932,-0.9490018,-1.009343,-0.3791751
1,-0.7755617,-0.1406052,-0.4388899,0.6865442,0.6838951
1,-0.5110761,-0.2638278,-0.5145644,0.4204762,0.8224402
1,0.02896518,-0.1021340,-0.06819604,-1.577099,-1.018418
1,-0.7287298,-0.8525194,-1.186669,-0.4962156,-0.1690867
1,1.451571,1.143481,0.03521984,0.2110138,0.2459098
1,0.5545472,-0.2543487,-0.8895561,-1.468109,-2.052699
1,-1.703188,-1.745883,-1.990944,-1.756593,-2.346012
1,0.2612554,0.2779921,0.5590849,0.4221403,0.4345373
1,0.7815074,-0.4349803,-0.8355435,-0.3934417,-1.629342
1,-0.4774284,-0.02707726,0.2747820,0.5254442,0.1069469
1,-0.1199512,-0.2150443,0.6023098,0.9959515,1.017545
1,-0.01056735,0.0255391,-0.195944,-0.1322915,0.4516458
